Horas,Asistencia,Tareas,Participacion,Nota
8.99,9.6,5.15,2.18,6.24
7.72,8.89,6.21,4.28,6.84
9.3,7.59,4.92,5.17,6.97
11.05,6.53,5.88,9.78,8.8
7.53,8.55,2.71,7.11,6.03
7.53,8.09,6.93,3.33,6.8
11.16,8.84,6.5,6.97,7.25
9.53,8.45,4.87,2.91,6.36
7.06,9.07,7.82,8.17,7.75
9.09,6.7,8.38,5.06,7.66
7.07,9.48,3.28,5.81,6.61
7.07,7.8,4.97,8.65,6.52
8.48,10.0,4.96,3.43,6.4
4.17,6.47,4.62,3.21,4.69
4.55,10.0,8.16,4.83,6.67
6.88,7.8,6.11,8.08,6.96
5.97,6.52,5.97,2.96,5.12
8.63,6.77,2.49,0.34,5.21
6.18,7.02,7.77,5.1,6.18
5.18,8.14,4.02,7.1,6.12
10.93,8.28,6.62,8.4,9.86
7.55,6.64,7.05,5.07,5.89
8.14,7.46,9.22,5.18,6.52
5.15,10.0,3.88,8.31,7.29
6.91,10.0,0.46,2.26,4.89
8.22,8.15,6.87,5.22,7.03
5.7,7.56,10.0,6.38,6.8
8.75,7.68,8.98,6.9,7.94
6.8,8.42,6.92,4.98,7.57
7.42,5.97,5.52,6.07,6.74
6.8,7.11,8.11,1.02,6.13
11.7,5.0,4.55,4.68,6.13
7.97,8.1,7.45,6.91,7.06
5.88,8.47,7.51,4.04,4.97
9.65,6.78,8.62,6.12,7.44
5.56,9.86,10.0,6.89,8.33
8.42,5.66,7.28,5.31,6.98
4.08,5.3,5.48,6.34,5.12
5.34,7.84,6.45,4.07,5.86
8.39,9.07,2.96,5.59,6.43
9.48,10.0,5.11,7.22,8.27
8.34,6.81,5.68,6.31,7.3
7.77,9.12,5.45,4.83,6.1
7.4,7.44,6.8,6.45,7.2
5.04,7.24,4.86,7.43,6.62
6.56,8.83,8.74,1.9,6.19
7.08,8.48,6.5,8.32,7.97
10.11,5.14,6.48,5.33,8.35
8.69,9.71,5.84,6.85,7.86
4.47,9.57,6.81,8.39,7.39
8.65,6.56,8.15,3.26,6.31
7.23,8.09,4.77,4.58,6.38
6.65,8.24,5.18,5.42,6.68
9.22,7.89,5.89,4.43,7.12
10.06,6.67,3.81,9.47,7.31
9.86,6.49,4.86,4.29,6.73
6.32,7.46,5.55,4.89,6.82
7.38,9.26,8.25,6.41,8.01
8.66,8.32,7.03,3.6,7.46
9.95,6.94,6.89,5.21,7.28
7.04,8.66,8.2,6.63,7.95
7.63,3.23,6.23,5.33,5.81
5.79,9.22,7.28,5.81,6.48
5.61,4.89,6.29,4.94,5.56
9.63,6.96,7.03,2.97,6.28
10.71,5.82,5.33,6.64,7.08
7.86,5.56,1.62,9.51,6.54
10.01,9.24,6.23,6.04,8.22
8.72,6.8,9.35,6.45,7.2
6.71,8.02,8.35,7.39,8.06
8.72,7.43,8.43,3.46,7.31
11.08,8.22,8.97,9.41,9.17
7.93,7.62,6.68,6.4,6.45
11.13,5.58,6.89,9.26,8.36
2.76,8.99,5.26,4.53,5.04
9.64,6.76,5.87,9.64,8.22
8.17,5.17,7.73,7.55,7.0
7.4,6.86,8.91,7.11,6.49
8.18,9.75,6.22,6.47,7.56
4.02,8.78,5.6,5.5,5.74
7.56,6.98,6.5,8.4,7.73
8.71,6.98,7.7,6.28,7.12
10.96,7.02,3.61,2.07,7.12
6.96,10.0,1.91,3.77,4.96
6.38,8.07,5.4,5.63,7.08
7.0,8.15,4.06,6.62,6.49
9.83,9.05,5.48,5.89,8.21
8.66,7.86,6.2,8.44,7.95
6.94,7.11,5.59,2.1,6.07
9.03,7.21,9.4,6.29,7.77
8.19,7.39,7.15,2.36,5.78
9.94,7.44,7.1,7.52,8.85
6.6,8.59,7.74,5.81,7.07
7.34,7.58,4.22,6.84,6.76
7.22,8.6,8.58,4.27,7.72
5.07,7.38,6.35,8.56,6.26
8.59,7.62,7.84,8.08,8.37
8.52,4.5,4.36,7.17,6.05
8.01,8.87,3.39,5.74,6.67
7.53,8.02,8.14,7.16,7.72
5.17,9.0,7.25,4.59,5.65
7.16,3.16,4.7,7.71,5.41
7.31,10.0,4.76,9.3,8.65
6.4,7.29,8.75,8.14,7.97
7.68,9.16,4.12,4.54,6.52
8.81,5.94,9.79,6.72,7.89
11.77,8.42,4.7,3.41,7.28
8.35,5.92,7.78,7.14,8.0
8.52,6.56,5.84,6.9,6.99
7.85,10.0,7.71,2.26,7.08
4.16,7.21,5.41,3.68,5.63
7.95,7.83,6.17,5.43,6.55
8.12,8.81,6.58,5.4,8.08
12.0,8.24,4.5,3.58,6.69
7.62,7.73,7.98,6.78,8.32
8.6,8.05,5.47,6.5,7.13
7.93,10.0,6.04,5.61,7.37
5.66,7.41,4.51,4.49,4.63
10.29,7.8,1.38,8.1,7.11
9.5,9.08,6.12,9.31,8.15
9.58,9.16,10.0,5.03,8.12
6.18,9.28,8.07,4.78,6.91
10.81,8.46,6.46,6.98,8.87
5.2,5.79,5.97,5.28,5.62
9.17,9.95,6.54,5.72,8.13
12.0,5.78,7.59,7.48,7.89
6.02,7.95,4.14,2.18,4.73
6.87,6.37,8.73,8.64,8.46
8.2,7.4,7.93,6.15,7.07
6.99,7.99,7.94,5.18,7.81
4.9,7.98,7.38,5.82,6.27
8.14,8.13,6.54,5.92,7.26
5.88,9.92,7.85,2.54,6.98
8.95,8.18,7.68,8.99,9.15
6.16,7.13,5.79,6.08,6.26
11.1,8.95,5.35,6.89,8.16
6.43,9.28,6.7,7.9,7.54
7.36,5.66,9.6,3.96,6.7
9.63,8.4,4.02,6.95,7.97
5.54,8.55,3.56,5.46,5.88
8.45,7.05,6.83,7.69,7.9
10.61,9.56,6.6,1.75,8.15
4.79,7.27,6.85,5.8,6.26
8.37,7.69,6.99,4.79,7.18
8.52,7.24,6.05,6.86,6.53
9.56,7.52,9.48,6.94,7.07
5.53,5.86,3.3,4.58,5.12
5.36,5.34,4.84,4.58,5.01
9.04,9.89,6.29,5.78,7.63
8.59,6.23,3.21,4.21,5.95
8.5,6.01,6.15,7.68,7.17
8.69,4.27,9.82,5.26,7.52
6.64,6.54,6.54,0.19,5.03
8.46,5.52,6.96,5.25,6.25
8.59,9.96,3.98,3.92,7.34
6.57,9.01,5.27,2.74,5.85
11.73,6.47,5.75,3.53,7.43
8.95,10.0,5.86,6.22,7.67
5.62,8.97,9.06,8.66,7.58
9.31,7.01,7.62,6.63,7.77
6.05,3.75,4.28,4.79,4.81
9.57,10.0,6.99,6.91,8.74
10.32,5.42,7.5,5.08,7.08
6.36,5.03,8.78,4.61,5.16
9.93,9.03,9.66,3.69,7.88
8.83,10.0,4.47,2.5,7.06
9.64,9.58,4.88,5.22,7.42
11.79,8.35,3.98,6.32,7.88
7.51,8.39,6.03,5.81,7.5
6.49,8.78,7.43,5.17,6.57
6.22,8.64,8.47,4.11,5.98
6.37,7.92,6.35,7.22,6.88
7.85,7.66,5.86,3.37,6.04
8.68,7.41,6.8,7.55,7.22
8.55,6.37,4.83,4.0,6.04
9.65,7.08,10.0,4.5,8.04
8.03,4.96,3.28,3.07,5.07
10.91,7.35,6.87,5.0,7.89
7.47,6.02,10.0,7.95,8.64
12.0,5.84,6.51,7.03,7.95
9.25,7.77,6.12,7.96,8.07
6.29,9.59,5.79,7.04,6.95
5.86,8.88,6.14,3.79,5.73
8.96,5.14,9.25,5.34,6.87
7.55,6.02,2.08,4.44,5.06
9.43,8.91,9.57,8.66,9.31
8.95,6.03,3.65,3.61,7.0
7.85,7.16,5.97,7.79,6.93
6.31,8.33,5.64,7.79,6.84
4.97,6.05,7.68,9.66,6.92
7.11,7.66,3.3,5.18,6.2
9.71,5.5,7.42,7.42,7.76
8.43,6.6,10.0,10.0,9.32
5.51,7.98,3.77,4.76,4.38
8.35,5.11,6.88,2.93,4.7
8.77,8.16,5.18,2.24,6.02
6.23,7.47,7.35,7.43,7.61
8.31,8.33,6.54,2.23,5.66
8.12,7.84,5.22,5.26,5.25
5.71,9.55,7.48,6.87,7.6
8.72,7.69,10.0,6.37,8.25
9.12,6.86,6.12,6.85,6.84
10.17,7.68,7.94,6.44,7.68
10.11,8.31,3.91,8.56,7.55
5.24,7.57,4.59,4.1,5.46
6.12,7.56,7.44,4.65,6.06
9.03,6.45,9.47,4.45,7.58
9.03,6.51,7.21,7.66,6.26
9.03,5.4,5.87,7.8,6.75
12.0,10.0,6.5,6.9,8.56
9.14,5.63,4.0,8.37,6.91
10.27,6.46,7.71,3.64,6.88
9.91,6.42,8.26,9.33,8.96
9.3,8.84,5.6,9.05,7.45
7.37,7.06,5.56,7.47,6.98
9.52,9.37,7.03,9.56,9.27
6.45,6.49,5.63,2.69,6.28
7.53,7.92,6.37,4.95,6.51
7.03,6.25,10.0,4.53,6.97
8.16,10.0,6.01,7.44,7.11
12.0,5.72,5.78,3.9,5.97
4.27,7.96,5.2,7.51,6.61
9.37,8.45,7.99,8.74,8.7
4.77,8.12,6.14,7.39,7.13
7.06,7.22,5.2,6.57,5.92
10.18,7.31,9.14,4.02,7.97
8.13,7.57,9.34,4.31,8.21
5.84,7.28,5.3,8.5,6.97
6.57,8.95,2.77,7.56,6.79
9.36,10.0,8.52,5.92,8.5
6.54,6.66,5.13,5.16,5.16
8.43,5.45,8.08,1.95,6.67
8.09,7.37,2.56,3.86,5.44
6.7,10.0,8.29,9.82,8.87
12.0,6.29,4.08,3.44,6.07
9.27,9.96,7.96,6.38,7.87
3.95,10.0,6.53,8.01,7.71
8.37,6.67,4.59,3.49,5.8
6.68,8.35,5.69,6.37,7.55
9.7,9.94,7.87,7.88,8.9
6.41,6.93,6.71,6.02,5.58
7.77,7.19,7.67,10.0,8.61
9.01,6.63,10.0,2.66,6.73
9.73,5.98,3.37,8.12,7.47
5.6,6.53,9.73,5.65,6.68
7.33,5.66,6.71,7.54,6.07
7.05,7.55,4.7,6.88,6.75
6.69,6.35,3.84,4.53,6.59
11.53,7.85,6.12,6.46,8.51
8.81,5.17,8.34,2.28,6.15
5.48,8.0,6.24,7.21,7.23
9.84,8.75,9.52,6.6,8.8
12.0,4.51,3.6,7.28,7.37
10.06,8.06,6.48,8.12,7.81
4.96,9.34,4.0,6.74,6.42
7.03,5.69,7.23,6.3,7.07
10.53,10.0,8.27,4.24,7.96
6.58,8.13,5.66,4.58,7.0
8.89,6.44,1.29,8.37,6.58
9.55,7.42,6.9,8.87,7.87
6.15,8.34,7.37,5.52,7.28
7.88,7.61,7.31,6.09,7.11
1.52,8.31,8.97,4.19,5.75
5.95,6.12,4.36,8.35,6.13
7.49,7.75,7.86,7.33,7.56
5.5,5.38,8.89,9.88,7.49
11.26,7.33,2.94,4.24,7.01
5.14,6.14,7.14,5.24,4.82
7.12,6.4,5.49,6.46,5.89
8.26,9.35,6.34,7.29,8.37
10.88,9.14,7.2,5.57,8.31
5.13,8.41,5.53,4.25,5.55
10.33,5.86,5.15,7.76,6.85
8.02,7.03,6.57,7.44,6.8
6.04,9.32,4.33,4.17,5.04
8.92,7.71,4.33,8.71,7.6
8.4,10.0,7.86,8.34,8.38
6.8,8.09,4.2,6.27,5.99
8.14,7.79,7.83,6.16,7.46
7.23,7.04,7.43,7.11,7.37
8.23,7.7,3.05,4.28,7.12
9.32,7.27,5.14,6.06,6.4
11.17,8.56,8.89,1.7,8.27
5.52,8.94,4.54,7.75,7.22
12.0,6.32,5.57,2.88,6.62
4.1,5.5,7.42,9.01,6.44
7.7,4.75,8.07,5.34,6.21
9.18,8.26,6.0,5.58,7.5
8.56,5.84,5.3,4.74,7.03
6.75,4.27,9.34,5.42,6.62
7.58,8.08,9.98,8.84,8.75
7.01,10.0,8.46,1.02,6.34
6.82,7.49,6.67,8.55,6.65
9.7,8.76,4.88,6.68,7.64
8.71,7.62,4.84,3.59,6.99
6.61,7.35,7.55,3.85,5.53
9.8,8.88,7.34,9.35,8.44
8.61,7.06,9.3,4.11,7.3
9.63,7.9,7.8,3.69,6.85
9.26,7.98,3.49,8.27,7.14
6.34,6.5,8.6,6.68,6.71
6.88,8.99,4.5,4.12,5.56
9.49,7.24,5.73,6.43,6.93
9.22,6.37,7.0,3.95,7.1
7.96,8.3,10.0,8.2,7.86
8.23,6.15,10.0,8.12,7.24
10.56,7.54,7.71,7.06,8.05
6.82,7.49,6.13,6.72,7.19
9.09,9.13,7.57,9.52,8.81
7.6,8.21,8.28,6.0,7.25
7.56,7.46,5.86,3.64,6.24
10.2,8.73,10.0,6.9,8.09
9.65,9.59,6.96,10.0,9.43
9.63,8.34,7.5,3.97,7.66
10.61,7.52,7.83,5.28,7.74
8.04,5.53,7.34,6.83,7.48
9.36,5.9,8.18,5.89,6.83
7.38,7.04,5.27,4.04,6.6
8.65,6.59,5.38,8.24,7.46
7.74,7.22,4.3,10.0,7.32
8.19,7.58,7.38,6.39,7.42
9.19,8.29,8.06,4.19,7.44
6.36,7.39,7.42,2.9,6.58
12.0,8.23,9.85,6.52,8.72
5.99,7.6,6.49,8.21,6.66
5.57,4.54,7.84,6.95,6.63
10.32,6.09,4.32,6.0,6.68
9.58,7.28,5.73,4.82,7.5
9.25,5.69,7.89,3.82,7.58
9.26,8.4,8.2,7.67,8.23
7.98,9.8,5.91,7.83,8.32
6.21,9.33,6.36,2.91,5.62
8.15,7.18,3.46,9.18,7.61
6.65,9.74,5.79,7.15,7.47
9.95,7.72,8.28,8.8,9.01
7.71,6.99,7.65,3.32,6.1
6.35,6.58,7.5,3.27,5.04
7.36,7.05,6.6,5.7,6.97
8.83,6.92,6.51,7.01,6.4
6.87,7.76,5.18,9.59,7.28
6.36,7.74,7.9,7.41,7.75
8.49,7.5,7.34,5.51,7.37
8.49,8.16,7.48,3.95,8.04
6.99,9.29,5.45,8.46,8.13
7.06,8.92,2.19,4.07,5.48
8.46,5.27,8.69,9.26,7.92
5.1,3.67,5.54,5.43,4.89
5.19,8.9,4.77,9.18,6.24
6.56,5.45,7.89,7.36,6.28
7.57,7.16,5.72,5.73,6.36
8.62,5.74,8.62,4.96,5.97
10.95,4.8,7.73,5.32,7.38
9.72,8.31,7.87,6.86,8.16
7.68,8.64,3.77,6.15,5.92
7.96,6.64,8.92,4.81,7.24
5.99,3.61,7.02,5.67,5.88
7.96,6.68,5.76,6.16,6.86
7.42,8.09,6.79,1.74,5.88
8.65,5.28,2.95,6.92,6.53
6.35,7.78,7.32,4.04,6.66
9.04,7.48,4.44,3.69,6.55
11.07,8.37,3.79,2.63,6.41
7.78,7.68,3.46,2.41,5.69
8.8,6.04,8.73,3.29,7.32
9.38,9.29,5.24,4.58,7.03
7.2,7.26,9.57,9.91,9.41
8.45,7.46,5.43,4.95,6.46
8.03,6.1,3.09,6.36,6.15
8.2,6.84,4.27,6.8,6.38
6.45,6.17,8.97,6.26,6.95
8.05,7.24,6.19,5.85,6.05
9.0,10.0,5.4,3.61,6.91
10.9,5.44,6.82,8.9,7.67
9.92,5.08,7.5,9.61,8.22
12.0,9.71,8.73,2.63,8.93
6.47,7.19,9.4,3.95,6.93
9.74,6.5,5.78,5.44,5.88
8.37,9.06,3.85,4.07,7.58
12.0,6.59,5.67,7.01,8.28
6.38,10.0,7.02,4.54,6.57
6.32,8.52,4.57,10.0,7.52
6.8,6.77,4.59,8.38,6.83
3.75,10.0,7.19,6.43,6.34
6.95,6.59,6.4,8.05,7.13
6.48,8.61,6.57,8.21,7.16
8.3,7.95,4.98,4.87,6.49
8.68,9.45,6.04,4.37,6.92
11.75,9.84,4.65,6.16,7.74
9.9,7.55,8.28,7.72,8.52
6.85,6.37,8.57,6.28,7.22
6.2,8.19,2.81,2.85,5.44
8.98,6.48,4.64,4.39,6.75
5.36,10.0,3.51,5.85,6.43
11.66,7.7,5.2,5.85,7.66
10.36,6.95,6.33,9.95,9.02
7.06,7.78,3.6,3.23,4.91
4.57,5.48,4.66,7.01,4.98
10.71,6.04,4.49,8.98,7.38
7.77,9.3,6.91,10.0,9.08
10.48,6.51,6.64,5.19,7.87
4.81,5.93,5.06,6.98,5.93
6.8,8.3,6.85,7.14,7.81
8.01,9.28,5.41,6.39,6.96
8.09,8.58,5.96,5.8,7.39
7.1,8.99,9.85,6.87,8.0
9.25,6.36,9.18,0.94,6.86
5.86,5.37,3.9,7.36,5.66
7.72,9.75,8.16,6.25,7.76
8.24,7.02,8.12,5.56,7.51
9.03,7.12,4.2,10.0,8.27
9.42,9.49,8.14,4.65,7.66
5.75,8.33,9.58,5.19,6.99
4.93,8.18,4.25,9.98,6.34
10.56,10.0,4.66,4.34,6.43
8.66,6.53,8.54,4.9,7.27
6.5,8.89,7.04,5.71,7.31
11.1,7.59,7.6,7.68,8.8
8.23,7.9,7.18,6.42,6.51
10.36,9.79,7.28,3.41,7.69
8.14,8.26,3.85,4.94,5.4
12.0,8.31,8.59,4.79,9.28
11.51,9.11,8.84,5.85,8.42
7.5,6.95,6.04,6.85,7.54
9.94,6.24,6.41,6.84,8.01
9.29,5.93,3.44,2.45,5.12
10.74,4.55,7.53,8.13,7.33
6.07,10.0,7.64,6.51,7.65
9.37,5.85,6.38,8.77,7.32
10.12,7.17,8.75,6.89,8.35
4.48,7.08,5.83,8.2,6.09
5.63,7.96,7.63,6.93,6.05
3.92,8.72,4.46,8.69,5.31
7.46,8.79,6.45,7.04,7.6
9.44,6.63,6.15,5.8,6.89
11.0,7.25,6.95,10.0,8.73
8.15,7.92,5.76,7.78,7.87
11.26,7.13,6.24,7.15,8.78
5.24,9.91,8.15,3.45,6.41
4.59,8.24,5.63,3.42,5.25
7.89,8.6,3.29,6.59,7.07
8.77,8.49,10.0,6.29,7.65
7.93,9.26,9.26,4.77,7.85
3.87,7.77,3.92,6.28,5.73
7.82,5.55,7.88,9.18,7.95
5.39,8.1,5.49,7.39,5.62
9.34,6.52,7.03,3.72,6.39
8.73,6.71,7.09,5.78,6.72
6.12,8.38,6.03,4.39,6.28
6.97,9.36,4.93,5.22,6.96
5.88,7.53,5.12,5.17,6.71
7.87,7.96,4.67,5.04,6.3
9.91,10.0,4.84,3.49,7.06
6.03,7.86,6.37,5.74,7.06
9.01,10.0,5.07,4.88,7.58
6.94,8.35,7.86,0.14,6.41
6.41,4.86,9.47,10.0,7.68
7.79,8.63,5.34,8.18,7.03
5.93,8.07,6.98,5.25,5.84
6.89,9.43,7.5,6.04,6.66
5.6,8.51,7.44,3.66,6.54
11.93,7.29,6.65,9.39,9.67
8.07,5.66,7.99,9.79,8.81
6.6,7.19,7.46,6.31,7.27
8.43,6.22,4.02,8.05,7.48
7.78,6.63,8.24,6.35,6.94
7.56,8.38,8.27,3.33,6.27
9.23,10.0,4.97,5.18,7.98
9.52,8.09,6.58,6.26,7.97
6.94,5.71,7.87,5.09,6.41
6.85,8.17,6.08,5.56,6.9
7.45,9.29,8.65,5.82,7.9
3.4,6.59,10.0,5.84,6.77
4.97,7.3,4.93,6.1,6.47
10.73,7.52,3.74,3.88,7.09
11.29,6.32,7.11,4.57,7.95
7.5,8.47,7.94,3.43,7.07
9.15,7.32,6.04,7.96,7.54
8.62,8.13,9.41,1.79,7.33
12.0,6.17,3.82,8.31,7.29
10.24,6.84,7.89,8.77,9.08
7.74,8.58,5.29,5.4,6.28
6.09,6.94,9.94,0.79,5.89
4.79,10.0,10.0,5.28,6.83
8.41,6.9,4.97,5.87,6.99
6.49,7.84,5.4,3.98,5.96
5.16,8.9,8.22,4.97,5.86
6.71,5.37,5.73,9.06,6.98
5.84,4.86,6.41,7.33,5.79
11.37,5.21,6.55,4.15,7.5
9.76,9.39,2.66,2.8,6.51
7.98,6.67,6.47,5.35,6.89
10.96,10.0,5.12,5.57,7.73
8.15,6.65,5.51,6.99,6.67
6.28,7.78,9.39,4.93,6.71
11.05,9.81,3.99,7.02,8.75
9.08,10.0,8.13,9.87,10.0
5.93,10.0,5.94,7.63,6.97
7.62,9.31,5.94,5.9,7.82
6.25,9.04,8.08,5.63,6.07
5.23,8.39,7.18,5.29,5.83
9.85,8.67,7.64,8.36,8.26
11.82,6.67,8.44,4.75,7.41
5.2,6.27,5.84,6.09,5.03
9.13,7.49,5.28,6.1,7.4
6.7,7.24,4.33,5.0,5.83
7.03,6.82,4.85,3.26,5.79
6.82,8.54,10.0,6.65,8.19
6.27,8.93,8.99,5.88,7.52
8.1,7.63,3.8,7.0,7.18
6.34,9.72,3.86,4.93,6.3
8.54,5.79,7.46,8.44,7.02
7.9,7.21,7.59,4.25,7.28
7.52,6.42,7.6,9.42,7.44
6.18,4.7,5.99,2.5,4.39
6.85,7.38,6.25,6.87,6.78
9.51,7.32,7.16,6.95,7.4
9.0,9.77,6.67,4.41,7.37
6.04,8.45,2.06,6.85,6.22
8.2,5.96,6.04,8.56,7.47
9.5,10.0,4.8,1.57,6.25
4.66,9.33,6.85,7.01,6.61
9.09,8.37,10.0,1.01,7.61
6.67,7.16,7.23,4.07,6.5
9.14,6.06,5.87,9.26,8.78
6.47,6.94,8.34,4.84,7.15
4.39,9.13,7.47,3.65,6.58
4.74,10.0,7.34,5.6,6.1
8.1,9.81,7.71,10.0,9.31
8.52,6.77,10.0,2.34,6.81
6.19,5.82,4.24,3.9,4.86
9.28,7.71,7.45,8.99,8.53
4.68,4.85,4.65,9.72,6.45
7.87,7.98,7.61,5.79,7.58
5.58,7.28,4.66,3.52,4.87
6.7,6.8,5.67,10.0,7.71
8.09,5.11,5.91,9.19,6.87
6.28,8.27,8.45,7.36,7.59
7.23,6.7,8.34,4.38,6.45
10.01,5.75,4.01,5.9,6.61
6.85,3.19,6.61,5.68,5.98
9.67,7.46,5.08,6.66,6.93
5.74,10.0,3.98,8.9,8.22
9.06,9.99,6.07,7.76,7.46
10.88,6.81,5.88,3.85,6.81
3.06,6.6,10.0,8.75,6.94
6.41,8.2,7.37,6.63,7.39
9.15,6.0,3.74,7.37,6.79
7.59,7.95,5.37,8.93,7.55
8.74,8.65,8.54,3.78,7.64
6.79,9.34,10.0,5.93,7.74
8.17,7.35,3.33,4.94,6.89
7.69,7.19,2.74,2.86,5.79
10.34,6.18,10.0,6.69,8.76
8.51,6.26,7.28,10.0,7.59
8.68,7.16,4.76,2.32,5.89
7.18,8.05,7.57,5.94,7.01
7.02,8.87,1.23,7.28,5.89
7.13,6.3,6.51,6.25,6.76
8.79,9.74,7.16,5.77,7.68
7.16,7.09,8.35,3.4,6.77
8.58,7.47,4.47,6.47,6.42
12.0,6.38,6.67,4.49,8.51
9.74,3.86,4.65,1.62,4.78
7.35,8.83,7.01,8.39,8.02
10.4,8.61,4.71,7.92,8.59
7.18,7.08,5.68,6.1,6.3
3.92,7.6,4.51,6.46,6.02
5.98,8.27,7.8,8.15,6.85
4.26,5.16,8.22,6.45,6.55
7.3,6.71,6.03,7.81,7.03
8.04,8.69,6.58,5.41,6.95
11.35,5.62,3.6,8.62,7.54
8.65,7.94,5.9,6.64,7.83
7.56,5.47,6.4,6.39,6.22
9.66,8.2,10.0,3.46,7.44
3.58,7.45,4.28,6.57,5.32
8.47,5.08,9.43,4.34,6.19
9.54,9.25,8.49,4.72,8.96
5.04,6.4,7.06,4.37,5.33
10.29,6.28,10.0,3.87,8.04
8.68,7.8,7.24,10.0,8.61
7.17,9.22,7.28,8.66,7.59
9.27,5.98,6.39,9.84,8.01
12.0,7.59,8.95,3.55,8.57
8.36,8.14,8.69,6.14,7.73
8.5,8.54,5.25,3.41,7.18
7.08,7.76,3.86,4.61,6.5
6.3,6.95,6.09,4.16,6.35
9.66,6.26,4.9,8.48,7.33
6.29,7.63,6.37,5.21,5.83
8.14,5.89,8.97,8.14,7.44
7.04,3.12,5.59,7.21,5.91
8.96,8.15,6.41,10.0,8.78
8.67,8.86,6.62,3.04,5.81
10.08,3.96,8.2,8.52,7.78
6.98,5.99,2.01,8.29,6.14
7.46,8.43,5.29,4.05,6.28
6.04,10.0,6.92,8.01,8.35
7.11,7.53,8.9,6.67,7.68
8.75,6.41,5.52,5.55,7.37
9.51,7.23,2.75,4.35,6.19
6.16,9.56,7.74,4.56,7.39
9.74,6.53,5.23,10.0,8.92
10.71,6.3,4.12,6.0,7.77
8.83,6.78,5.25,7.56,6.74
11.75,6.07,6.13,4.42,7.25
6.45,7.68,5.29,4.44,5.85
5.51,9.94,2.09,8.16,6.84
4.44,7.98,8.29,3.3,6.16
10.99,7.12,9.05,5.17,7.76
9.31,7.06,7.8,6.07,7.67
7.89,5.16,4.22,6.22,5.05
8.56,8.82,6.1,5.64,8.12
5.75,7.38,6.49,6.79,6.31
12.0,7.23,7.7,7.39,8.82
8.26,10.0,7.84,7.47,8.26
8.22,7.95,5.03,4.03,7.04
9.45,6.37,6.66,5.43,5.7
8.96,6.86,7.41,8.39,7.98
8.45,9.22,9.41,7.79,8.62
6.42,7.67,7.91,3.25,6.01
8.94,5.34,8.08,6.7,8.17
11.76,8.88,6.67,2.04,7.15
10.69,6.5,9.32,6.09,8.61
11.19,10.0,7.32,9.8,9.95
6.98,9.12,4.78,4.1,6.99
6.02,6.83,9.31,4.33,6.12
7.75,9.42,7.9,7.53,7.77
8.11,7.6,5.61,2.91,6.73
10.19,8.78,5.54,4.73,7.76
4.62,8.23,7.09,7.19,5.89
11.06,6.23,7.43,4.73,7.27
7.68,6.53,6.89,5.53,6.89
7.15,9.04,7.12,7.49,8.12
5.98,7.0,9.9,6.84,6.89
4.69,6.89,8.64,6.53,5.04
9.65,6.07,6.88,5.32,7.38
8.15,8.14,8.38,6.74,7.23
5.42,10.0,4.43,5.75,5.44
5.41,5.9,7.3,6.92,4.87
7.33,7.54,10.0,5.01,7.74
11.34,9.62,6.06,5.63,8.49
7.48,7.38,4.8,4.02,5.94
4.99,8.18,5.2,5.93,6.76
7.51,5.91,4.32,4.38,6.01
7.45,8.14,4.93,3.77,7.01
2.61,7.22,5.76,6.52,4.67
7.89,8.98,3.69,6.43,6.94
7.54,9.28,6.53,7.57,6.97
9.39,10.0,8.3,5.14,8.15
11.7,8.37,4.68,6.82,8.12
10.25,7.99,9.54,7.1,9.07
7.46,7.79,7.52,6.89,7.44
5.79,6.97,8.56,4.35,6.59
12.0,8.01,5.18,6.3,8.57
8.12,7.06,8.21,6.73,8.6
8.03,7.75,4.32,6.01,6.56
7.95,9.48,8.28,1.83,6.4
8.4,5.99,6.84,6.32,7.09
7.71,9.21,7.61,10.0,8.24
6.85,9.48,4.15,5.28,7.32
6.91,7.32,4.71,4.54,5.84
7.93,4.32,7.69,6.75,6.4
6.91,6.59,4.6,6.62,6.06
6.57,9.45,7.43,8.39,8.27
8.21,7.47,3.77,3.48,5.88
7.49,6.0,8.2,7.46,6.93
11.01,6.74,4.03,7.18,8.42
2.7,8.76,7.6,5.72,5.52
10.18,8.32,7.75,6.68,8.37
10.49,7.14,5.11,8.06,8.3
3.85,6.95,7.66,7.74,5.55
7.31,6.91,7.02,3.71,6.5
7.26,6.12,5.42,7.64,6.17
5.18,9.92,4.48,5.87,6.81
6.44,7.02,2.57,6.15,5.26
5.78,9.33,7.2,6.15,7.39
11.5,9.78,3.37,5.7,8.55
9.87,9.0,6.69,8.38,9.08
10.54,6.85,5.97,5.83,7.65
9.44,8.11,7.86,3.76,7.26
5.74,7.46,5.9,5.21,5.78
6.95,6.14,5.84,6.36,7.11
8.98,7.99,7.96,8.46,8.05
5.56,5.73,7.17,7.21,5.82
9.43,9.28,7.13,4.3,7.98
7.52,6.8,7.44,10.0,7.55
7.25,7.8,3.43,6.53,5.97
9.42,7.92,8.01,8.55,7.83
8.89,7.11,7.72,5.7,7.17
7.28,8.38,4.47,7.07,6.9
10.32,6.79,6.01,7.68,8.04
5.84,8.81,6.42,8.44,7.82
9.23,5.48,6.23,8.11,7.68
9.19,7.69,7.17,7.74,7.95
7.38,10.0,9.36,5.37,7.83
8.65,6.0,8.66,4.86,7.3
5.5,6.48,3.88,6.67,6.35
9.85,8.27,7.74,7.87,8.6
7.63,7.77,9.16,5.55,7.22
6.95,8.03,7.27,8.13,7.08
10.1,8.23,8.68,8.91,8.33
6.59,8.45,10.0,4.17,7.47
5.18,9.16,8.55,4.33,6.93
4.89,8.11,7.0,5.72,6.61
9.21,7.14,8.59,6.62,7.86
5.44,8.51,6.79,4.95,7.06
11.51,10.0,6.55,8.7,9.2
3.84,7.3,5.8,6.85,6.33
11.39,6.04,9.63,6.08,8.35
8.42,9.16,4.86,3.13,6.27
7.81,7.32,9.56,3.37,7.22
6.91,4.24,7.5,6.56,6.48
8.8,8.77,3.7,1.73,6.18
7.92,6.7,7.24,8.03,7.55
10.21,7.36,2.3,5.68,6.76
8.23,8.0,7.75,10.0,9.71
8.3,7.79,8.27,10.0,9.18
7.27,8.56,5.32,5.64,7.16
7.89,6.85,6.75,5.79,6.93
8.62,8.27,10.0,7.99,9.15
4.58,7.11,5.49,9.41,6.86
5.3,8.61,4.38,2.72,5.31
9.49,8.42,9.46,2.43,7.3
8.34,6.1,10.0,4.76,7.18
7.63,9.13,6.51,7.17,6.08
8.04,6.7,8.52,6.99,7.64
8.7,8.71,9.18,8.14,8.41
6.92,8.05,5.02,3.6,6.79
6.44,10.0,5.53,1.37,5.89
8.39,7.16,8.96,7.72,7.44
6.04,6.98,9.87,4.34,6.59
8.82,7.47,7.63,1.96,6.01
4.59,7.05,4.74,6.29,5.9
10.06,8.7,10.0,7.59,9.23
8.95,5.08,5.44,5.76,6.96
8.51,5.92,5.83,5.08,6.08
9.97,5.9,7.18,5.68,7.34
11.33,8.93,9.61,5.26,8.18
10.03,10.0,8.21,3.3,8.33
4.32,7.34,7.33,4.57,6.0
5.44,7.25,7.43,7.04,6.94
6.75,7.61,6.59,6.64,6.91
8.05,9.24,7.62,6.34,8.04
9.04,6.11,1.44,4.01,6.33
6.55,7.86,5.91,5.64,6.38
8.37,8.96,6.98,1.65,6.63
6.49,8.25,4.2,6.36,5.9
6.78,7.78,7.27,8.86,7.21
5.19,9.0,6.09,3.05,5.84
6.15,3.45,10.0,4.83,6.47
5.3,8.52,9.65,6.66,7.18
6.05,6.52,5.57,8.51,6.57
10.11,4.75,6.2,5.1,6.53
6.1,8.27,6.35,4.62,6.05
12.0,9.56,5.6,2.06,7.77
8.99,7.29,6.89,6.21,6.7
8.37,8.93,4.98,10.0,8.88
6.28,9.92,4.24,6.55,6.52
9.4,9.47,7.75,5.96,8.59
6.85,9.96,7.76,6.64,7.12
8.24,8.61,4.89,5.98,7.43
12.0,7.61,8.29,4.37,8.59
7.81,5.1,5.24,7.65,6.77
10.3,7.13,7.01,6.45,7.39
6.59,6.24,8.14,6.04,6.8
7.93,10.0,6.43,4.05,6.59
11.54,7.24,7.41,8.61,8.78
6.75,7.68,5.47,7.33,7.39
11.62,8.33,6.11,4.89,8.41
9.42,7.57,6.09,8.0,7.94
6.88,10.0,5.01,5.0,6.33
9.26,6.57,6.15,4.44,7.08
9.95,7.79,3.4,4.48,6.74
9.24,6.39,5.52,2.46,4.93
4.86,5.52,5.93,6.94,6.15
6.55,6.58,5.99,2.34,5.38
7.5,7.44,6.02,3.54,6.8
7.85,6.86,6.38,1.85,5.26
9.24,6.46,7.46,5.83,5.75
8.36,5.39,8.25,5.7,7.07
5.33,7.38,5.2,5.35,5.97
8.76,5.24,4.09,3.91,4.89
9.22,8.64,4.42,3.66,6.23
9.12,7.62,5.53,6.93,8.86
10.16,5.31,5.8,4.9,6.61
9.67,7.04,4.96,6.63,7.68
8.92,6.37,3.91,4.23,5.78
7.86,7.98,5.59,6.36,6.02
4.68,9.51,6.86,8.61,7.22
8.86,4.69,7.69,7.17,7.03
8.42,7.67,5.39,5.18,6.61
8.54,7.26,5.67,6.51,7.08
5.45,8.51,4.65,5.52,6.2
5.84,7.82,6.44,6.02,6.42
10.11,6.37,4.8,5.35,6.29
7.92,7.02,7.65,5.67,7.32
9.36,6.31,2.93,6.42,5.6
8.06,9.11,5.78,4.01,5.83
8.06,7.53,7.1,3.97,7.08
9.88,10.0,6.87,3.22,7.9
6.97,7.41,10.0,2.8,6.61
8.19,6.44,7.2,3.57,5.7
7.08,5.23,4.49,6.32,5.55
7.13,4.8,6.31,4.21,5.52
7.38,5.12,2.95,7.03,5.04
8.44,7.9,6.34,6.07,6.92
7.04,8.26,4.83,2.06,5.99
10.51,5.13,8.33,7.31,8.64
6.21,8.84,5.4,7.62,6.85
7.63,6.78,6.27,4.01,6.62
7.12,7.72,5.23,6.84,5.87
10.89,9.92,9.98,4.29,9.14
8.39,8.85,5.86,6.2,7.05
10.06,7.1,10.0,3.47,7.81
5.03,6.16,8.13,2.41,5.15
8.53,4.27,7.46,5.23,7.09
9.78,6.42,7.24,5.75,6.99
8.16,7.18,7.29,5.2,7.32
10.13,6.02,2.64,3.63,5.84
6.97,7.3,5.94,5.2,6.32
10.82,7.62,8.19,6.54,8.33
12.0,7.16,6.4,5.91,7.73
7.27,6.52,3.69,6.37,6.14
7.11,7.75,6.4,4.66,6.48
10.91,8.16,9.91,8.34,9.5
11.16,5.86,8.99,3.65,7.57
6.95,9.62,6.38,6.98,7.91
7.16,7.35,8.4,8.36,8.22
7.44,7.53,5.77,6.96,6.48
5.31,8.56,3.09,5.59,6.19
6.16,7.85,4.65,4.94,5.38
5.99,8.93,9.63,8.07,8.27
6.46,7.93,5.95,3.15,6.21
7.93,6.58,6.01,4.06,5.29
8.47,8.04,5.9,5.2,7.08
11.1,5.78,10.0,8.48,8.66
6.0,7.66,9.75,6.76,6.98
9.97,7.45,10.0,4.06,8.54
7.57,7.19,6.18,5.38,6.32
7.9,7.31,7.09,4.77,6.41
9.35,4.68,3.47,4.58,5.85
5.75,6.68,9.45,7.96,7.62
8.76,7.64,4.16,3.26,6.12
8.33,7.74,6.93,9.22,8.71
8.98,5.96,4.31,7.66,7.23
8.58,9.4,5.32,8.18,6.94
12.0,6.2,4.83,5.07,7.12
6.72,8.95,5.28,5.7,6.46
6.94,8.14,5.42,3.13,6.22
6.75,6.53,5.4,4.95,4.66
6.89,10.0,8.17,6.99,9.22
6.73,5.71,4.29,8.59,6.72
10.38,8.88,6.94,3.79,7.74
10.84,9.0,8.94,5.27,9.2
6.86,6.49,5.47,5.7,7.37
6.34,9.59,5.06,3.21,6.55
8.94,7.12,6.04,7.18,7.94
6.9,7.93,8.86,4.55,7.03
9.27,7.89,6.89,5.61,7.46
8.41,7.3,5.44,5.1,6.47
4.97,8.72,7.47,4.42,5.86
11.1,8.69,4.3,5.99,7.51
11.59,4.88,7.86,5.57,6.99
6.77,9.46,7.32,5.26,7.14
7.22,5.01,5.88,4.54,4.89
8.57,9.05,4.82,6.64,7.55
8.67,9.19,4.73,9.31,8.15
9.32,5.86,7.57,6.28,7.42
12.0,6.88,8.96,7.99,8.85
7.65,5.84,5.23,3.22,7.14
6.4,7.18,7.42,6.32,7.46
5.24,7.04,2.33,3.81,4.13
6.54,8.67,5.33,3.05,6.07
7.93,9.47,6.44,4.52,6.86
11.59,9.59,4.68,8.38,8.4
6.96,6.66,4.63,7.9,5.98
8.45,7.19,5.16,6.49,7.2
7.97,4.97,7.08,2.93,5.44
10.38,6.29,6.13,5.61,7.8
12.0,8.95,2.02,6.6,8.39
6.94,9.92,2.26,6.35,7.29
7.02,5.65,5.29,2.31,4.73
10.09,6.61,7.42,4.22,7.45
9.36,7.46,1.0,5.87,6.66
11.69,7.92,5.5,7.07,8.12
9.17,6.29,5.45,1.61,5.43
7.28,8.14,9.28,5.68,8.3
9.18,6.79,5.73,6.29,7.28
10.22,7.48,7.27,7.7,8.63
9.64,8.32,6.78,7.39,7.76
9.01,7.51,2.24,7.17,6.21
10.13,6.85,8.04,4.4,7.17
10.34,7.34,6.93,2.18,6.81
10.76,7.37,7.52,5.21,7.35
9.3,6.94,10.0,8.0,8.52
7.67,7.11,2.33,8.79,5.9
8.29,9.9,9.95,7.42,8.25
10.41,8.34,5.93,6.86,8.44
6.37,7.06,7.07,6.76,7.08
8.74,8.55,6.41,4.89,7.07
7.21,7.0,5.65,5.74,5.97
8.06,9.26,5.36,9.34,7.63
10.56,8.05,7.16,4.11,7.45
8.38,7.34,3.47,9.23,7.67
8.09,8.17,8.0,5.36,7.87
5.28,5.14,5.67,8.65,5.92
9.49,5.81,4.24,3.19,5.37
9.29,5.71,5.6,7.17,7.26
12.0,7.71,9.01,4.53,8.05
7.38,10.0,5.43,3.17,6.33
8.44,10.0,7.22,6.44,8.75
8.5,8.46,5.04,8.02,8.09
11.15,8.25,8.02,4.31,8.17
7.81,4.8,7.87,3.0,5.23
8.56,6.69,10.0,5.82,7.8
9.22,6.32,6.15,5.83,7.56
8.37,6.57,7.84,7.1,7.31
7.11,7.25,6.7,7.9,7.93
8.39,6.79,9.09,5.88,8.15
10.15,4.53,5.06,9.71,8.45
5.95,8.62,7.99,6.45,7.3
8.27,5.89,6.11,5.31,6.8
6.6,7.86,6.37,2.78,6.62
10.39,10.0,6.68,5.47,8.55
4.95,6.12,7.0,5.33,5.5
6.88,3.7,6.27,7.92,6.0
8.75,7.07,6.93,6.92,7.63
11.13,9.15,9.66,3.64,7.82
7.87,10.0,8.47,6.34,8.07
6.89,5.66,8.24,7.34,7.51
11.76,8.25,5.59,9.06,7.88
5.1,6.8,4.72,7.78,6.89
3.6,7.34,8.41,7.52,7.04
8.88,10.0,8.25,6.12,8.11
7.0,5.25,9.45,6.78,7.27
5.96,7.88,5.29,8.5,6.94
9.42,8.2,6.04,3.33,7.53
8.49,9.13,3.22,5.3,7.29
6.87,7.65,5.72,4.45,5.53
5.44,7.96,8.49,6.76,7.3
9.74,6.91,5.57,8.46,7.78
9.3,7.9,7.78,4.81,7.57
7.8,6.99,6.12,1.22,5.25
11.69,8.43,7.15,5.18,9.21
5.86,6.95,4.2,7.83,6.81
4.95,8.07,6.67,7.08,6.23
6.62,7.46,0.52,6.86,5.0
7.91,9.19,6.13,5.44,7.06
8.49,7.42,3.24,3.44,6.13
7.52,4.84,8.91,7.03,7.13
8.7,9.39,8.05,4.33,8.28
5.5,6.14,7.43,10.0,7.57
10.89,6.52,9.54,7.14,9.07
7.84,6.61,4.6,4.84,6.3
10.23,9.56,9.99,4.78,7.96
8.69,4.3,8.36,5.81,6.71
8.91,10.0,6.03,5.52,8.29
9.14,9.08,8.77,8.23,8.8
8.9,7.83,4.29,6.37,7.33
9.29,7.42,4.85,4.54,6.59
10.66,7.93,5.28,9.78,8.17
8.39,8.28,5.44,6.1,7.14
9.42,8.47,4.39,7.54,7.86
7.82,8.33,8.95,4.78,7.09
10.88,7.63,5.98,6.73,7.93
6.65,7.2,7.21,6.62,6.42
11.6,7.27,5.36,2.22,7.49
7.92,7.21,2.86,10.0,7.1
5.14,9.2,7.04,8.58,8.12
8.26,8.39,2.68,5.21,7.18
6.64,3.09,6.36,3.8,4.94
9.68,8.48,3.76,6.7,6.95
6.69,7.79,10.0,6.17,6.46
7.11,7.47,8.32,6.71,6.61
4.22,6.92,6.71,6.38,5.25
7.1,9.19,9.03,7.01,8.67
3.15,8.92,4.81,8.89,6.42
4.83,6.34,7.59,7.14,6.53
9.52,8.11,6.9,3.9,6.13
9.57,6.04,7.03,8.73,7.37
8.85,5.43,9.04,9.28,8.59
6.07,6.56,7.96,10.0,7.7
7.9,8.79,7.08,3.75,6.85
7.99,8.93,3.19,6.49,7.17
5.68,8.27,4.58,1.84,5.97
11.01,8.59,6.25,7.11,8.37
9.75,8.27,6.69,4.9,7.59
7.56,6.54,4.24,9.85,7.31
8.05,8.15,10.0,4.45,8.76
8.42,8.7,9.53,2.62,6.21
3.92,8.63,7.7,5.06,6.48
7.51,9.28,6.64,2.05,6.36
6.64,8.56,6.08,7.5,7.51
6.0,8.03,4.6,1.87,4.86
7.44,9.11,6.65,6.06,7.33
11.6,7.46,7.02,1.84,7.56
9.28,6.18,4.02,5.36,8.03
6.86,7.26,7.17,9.29,8.03
9.15,6.38,6.19,6.72,6.83
